Workbook

Sheet Hướng dẫn
A1: CÁCH DÙNG
A2: 1. Chỉ sửa 2 cột: 'Trạng thái' (chọn từ danh sách) và 'Ghi chú của bạn'. Sheet 'Tiến độ' tự cập nhật.
A3: Ví dụ một dòng đã làm: Trạng thái = 'Đã xử lý', Ghi chú = 'Sửa bằng JOIN FETCH, 51 → 1 query; @EntityGraph cũng được'.
A4: 2. Mỗi case: đọc Triệu chứng → tự đoán nguyên nhân TRƯỚC khi mở Manh mối → làm Bài tập tái hiện trên project ecommerce-daily.
A5: 3. Cột 'Manh mối' cố ý chỉ là câu hỏi gợi hướng, không phải đáp án. Bí sau 2 lần thử → mang case vào chat mentor.
A6: 4. 'Ưu tiên = Cao': case gắn với mục trong On_luyen_Java_Middle.xlsx mà bạn CHƯA đạt (#10–13, 15, 16, 18–22, 24) tại ngày 25/10/2026.
A7: 'Ôn lại' = gắn với mục đã đạt (dùng để kiểm chứng). 'Thường' = ngoài 25 mục lộ trình.
A9: THỨ TỰ GỢI Ý
A10: • Tuần này: P01–P04 (JPA, mục #12–13) và P11–P14 (Index, mục #15) — đây là lỗ hổng lớn nhất so với JD.
A11: • Junior: làm nhanh, chỉ dừng lại ở case nào bạn đoán sai nguyên nhân.
A12: • Middle: làm sau khi Pre-middle đạt ≥ 70%. Mỗi case Middle nên ra được 1 câu chuyện kể khi phỏng vấn.
A14: CẤP ĐỘ
... A17: Middle: lỗi xuyên hệ thống, nhiều instance/service; cần thiết kế và đánh đổi, không có một đáp án đúng duy nhất.

Sheet 100 Case
A1: ID | B1: Cấp độ | C1: Mảng | D1: Tên case | E1: Triệu chứng (như ticket thật) | F1: Manh mối để tự đào | G1: Bài tập tái hiện | H1: Lộ trình (On_luyen #) | I1: Ưu tiên | J1: Trạng thái | K1: Ghi chú của bạn
A2: J01 | B2: Junior | C2: Collections | D2: Object biến mất khỏi HashSet | E2: User vẫn đang online nhưng cache báo 'không tìm thấy' ngay sau khi user đổi email. | F2: hashCode() của User tính từ field nào? Field đó đổi SAU khi object đã nằm trong bucket thì contains() tìm ở bucket nào? | G2: Cho User vào HashSet, đổi email, gọi contains() và remove(). Đoán output trước khi chạy. | H2: #1 | I2: Ôn lại | J2: Chưa làm
A3: J02 | B3: Junior | C3: Collections | D3: Set vẫn chứa phần tử trùng | E3: Giỏ hàng hiển thị 2 dòng cùng một sản phẩm dù code dùng HashSet<CartItem>. | F3: Class đã override equals() nhưng còn thiếu gì? Hai object 'bằng nhau' rơi vào cùng bucket không? | G3: Viết CartItem chỉ override equals, add 2 item giống nhau, in size(). Sửa rồi so sánh. | H3: #1 | I3: Ôn lại | J3: Chưa làm
A4: J03 | B4: Junior | C4: Core Java | D4: So sánh Integer bằng == | E4: Duyệt đơn chạy đúng với đơn id nhỏ, nhưng sai với orderId > 127. | F4: Vì sao lại là đúng con số 127? Autoboxing có cache gì không? | G4: Test so sánh Integer 100 và 1000 bằng == và equals(). | H4: — | I4: Thường | J4: Chưa làm
A5: J04 | B5: Junior | C5: Core Java | D5: Tiền lệch vài đồng | E5: Tổng hóa đơn lệch 0.01 so với tổng cộng tay; BigDecimal 2.0 và 2.00 bị coi là khác nhau. | F5: double biểu diễn 0.1 thế nào trong nhị phân? equals() của BigDecimal so sánh cả scale? | G5: Cộng 0.1 mười lần bằng double và BigDecimal; so sánh equals vs compareTo. | H5: — | I5: Thường | J5: Chưa làm
A6: J05 | B6: Junior | C6: Core Java | D6: NPE từ Optional.get() | E6: API /profile trả 500 với user chưa có avatar. | F6: Optional.get() có khác gì so với việc gọi thẳng vào null? Có API nào diễn đạt giá trị mặc định? | G6: Viết lại hàm lấy avatarUrl không dùng get() và không dùng if-null. | H6: — | I6: Thường | J6: Chưa làm
A7: J06 | B7: Junior | C7: Collections | D7: ConcurrentModificationException | E7: Job dọn đơn hết hạn ném exception khi gọi list.remove() trong vòng for-each. | F7: for-each dùng Iterator bên dưới; Iterator phát hiện list bị sửa bằng cơ chế gì (modCount)? | G7: Tái hiện lỗi, rồi sửa theo 2 cách: Iterator.remove() và removeIf(). | H7: — | I7: Thường | J7: Chưa làm
A8: J07 | B8: Junior | C8: Date/Time | D8: Đơn nhảy sang ngày hôm sau | E8: Đơn đặt lúc 23h giờ VN hiển thị trong báo cáo là ngày hôm sau. | F8: Server, DB và JVM đang dùng timezone nào? LocalDateTime có mang thông tin múi giờ không? | G8: Lưu một LocalDateTime và một Instant vào DB với JVM timezone UTC, đọc lại ở Asia/Saigon. | H8: — | I8: Thường | J8: Chưa làm
A9: J08 | B9: Junior | C9: Error handling | D9: Exception bị nuốt | E9: Import file Excel báo 'thành công' nhưng DB thiếu 30 dòng. | F9: Tìm khối catch rỗng hoặc chỉ printStackTrace(). Người dùng và log biết lỗi bằng cách nào? | G9: Viết import có 1 dòng lỗi; thiết kế kết quả trả về gồm số dòng OK và danh sách dòng lỗi. | H9: — | I9: Thường | J9: Chưa làm
A10: J09 | B10: Junior | C10: Validation | D10: @NotBlank không có tác dụng | E10: API tạo user vẫn nhận email rỗng dù DTO đã gắn @NotBlank. | F10: Annotation chỉ là metadata. Ai kích hoạt việc validate DTO trong controller? | G10: Viết test MockMvc gửi email rỗng, mong 400; sửa cho test xanh. | H10: — | I10: Thường | J10: Chưa làm
A11: J10 | B11: Junior | C11: REST API | D11: Trả 200 kèm body lỗi | E11: Frontend không hiển thị lỗi vì API luôn trả HTTP 200 với {success:false}. | F11: Client, gateway, monitoring dựa vào đâu để biết request thất bại? | G11: Liệt kê status code phù hợp cho: sai input, chưa login, không có quyền, không tìm thấy, xung đột. | H11: #16 | I11: Cao | J11: Chưa làm
A12: J11 | B12: Junior | C12: Security | D12: Lộ stacktrace ra client | E12: Response lỗi chứa tên class, câu SQL và đường dẫn file server. | F12: Kẻ tấn công học được gì từ stacktrace? Lỗi nên được định dạng tập trung ở đâu? | G12: Viết @RestControllerAdvice trả format lỗi thống nhất, log chi tiết ở server. | H12: — | I12: Thường | J12: Chưa làm
A13: J12 | B13: Junior | C13: JPA | D13: findAll() trả cả bảng | E13: Trang danh sách khách hàng chậm dần rồi OutOfMemoryError khi bảng đạt 500k dòng. | F13: Bao nhiêu object được tạo trong heap cho một request? Ai thực sự cần cả 500k dòng? | G13: Chuyển endpoint sang Pageable; đo bộ nhớ trước và sau. | H13: — | I13: Thường | J13: Chưa làm
... A101: M25 | B101: Middle | C101: Observability | D101: Lỗi chỉ xảy ra trên prod | E101: Lỗi 0.1% request, không tái hiện được ở local. | F101: Cần thêm dữ liệu gì để lần sau lỗi tự 'khai' nguyên nhân? | G101: Thêm log có ngữ cảnh, metric, tracing; dùng feature flag để thử nghiệm an toàn. | H101: #22 | I101: Cao | J101: Chưa làm

Sheet Tiến độ
A1: TIẾN ĐỘ 100 CASE THỰC CHIẾN
A3: Cấp độ | B3: Tổng | C3: Đã xử lý | D3: Đang làm | E3: Cần ôn lại | F3: Chưa làm | G3: % xong
A4: Junior | B4: =COUNTIF('100 Case'!$B$2:$B$101,A4) -> 25 | C4: =COUNTIFS('100 Case'!$B$2:$B$101,$A4,'100 Case'!$J$2:$J$101,"Đã xử lý") -> 0 | D4: =COUNTIFS('100 Case'!$B$2:$B$101,$A4,'100 Case'!$J$2:$J$101,"Đang làm") -> 0 | E4: =COUNTIFS('100 Case'!$B$2:$B$101,$A4,'100 Case'!$J$2:$J$101,"Cần ôn lại") -> 0 | F4: =COUNTIFS('100 Case'!$B$2:$B$101,$A4,'100 Case'!$J$2:$J$101,"Chưa làm") -> 25 | G4: =IF(B4=0,0,C4/B4) -> 0
A5: Pre-middle | B5: =COUNTIF('100 Case'!$B$2:$B$101,A5) -> 50 | C5: =COUNTIFS('100 Case'!$B$2:$B$101,$A5,'100 Case'!$J$2:$J$101,"Đã xử lý") -> 0 | D5: =COUNTIFS('100 Case'!$B$2:$B$101,$A5,'100 Case'!$J$2:$J$101,"Đang làm") -> 0 | E5: =COUNTIFS('100 Case'!$B$2:$B$101,$A5,'100 Case'!$J$2:$J$101,"Cần ôn lại") -> 0 | F5: =COUNTIFS('100 Case'!$B$2:$B$101,$A5,'100 Case'!$J$2:$J$101,"Chưa làm") -> 50 | G5: =IF(B5=0,0,C5/B5) -> 0
A6: Middle | B6: =COUNTIF('100 Case'!$B$2:$B$101,A6) -> 25 | C6: =COUNTIFS('100 Case'!$B$2:$B$101,$A6,'100 Case'!$J$2:$J$101,"Đã xử lý") -> 0 | D6: =COUNTIFS('100 Case'!$B$2:$B$101,$A6,'100 Case'!$J$2:$J$101,"Đang làm") -> 0 | E6: =COUNTIFS('100 Case'!$B$2:$B$101,$A6,'100 Case'!$J$2:$J$101,"Cần ôn lại") -> 0 | F6: =COUNTIFS('100 Case'!$B$2:$B$101,$A6,'100 Case'!$J$2:$J$101,"Chưa làm") -> 25 | G6: =IF(B6=0,0,C6/B6) -> 0
A7: Tổng | B7: =SUM(B4:B6) -> 100 | C7: =SUM(C4:C6) -> 0 | D7: =SUM(D4:D6) -> 0 | E7: =SUM(E4:E6) -> 0 | F7: =SUM(F4:F6) -> 100 | G7: =IF(B7=0,0,C7/B7) -> 0
A9: Case ưu tiên Cao còn chưa xong: | D9: =COUNTIFS('100 Case'!$I$2:$I$101,"Cao",'100 Case'!$J$2:$J$101,"<>Đã xử lý") -> 45
